review,sentiment
this phone is fire battery last forever and its super smooth,positive
bro this laptop runs so fast n the screen is crisp af,positive
shoes look cool but damn they hurt after a while,positive
earbuds r ok but bass kinda weak ngl,positive
shipping took forever n box was all messed up,negative
screen started glitching like 2 days after i got it wth,negative
trash product stopped working in a week total scam,negative
yo this smartwatch is sick battery lasts forever,positive
vacuum does the job but it’s loud af,positive
mouse feels nice but buttons kinda stiff,positive
jacket sizing is so off had to send it back smh,negative
this chair lowkey sucks my back been hurting bad,negative
best coffee machine ever my mornings are saved,positive
customer support was a joke dude didnt help at all,negative
camera is aight but low light pics kinda suck,positive
yo this book is a must read story is mad good,positive
headphones broke after like a month smh never again,negative
"I am thoroughly impressed with the exceptional performance of this smartphone. The battery longevity is remarkable, lasting an entire day even with extensive usage. The display is vibrant, offering a truly immersive visual experience. The overall build quality is outstanding, making this device a highly commendable investment.",positive
"This laptop exhibits unparalleled efficiency and speed, making it an ideal choice for both professional and personal use. The keyboard offers a comfortable typing experience, while the high-resolution display ensures excellent visual clarity. The design is sleek and modern, contributing to a highly satisfying user experience.",positive
"The footwear presents an aesthetically pleasing design; however, prolonged usage results in significant discomfort. The material, while seemingly durable, lacks the flexibility required for extended wear. It would greatly benefit from additional cushioning to enhance comfort, particularly for individuals who remain on their feet for extended periods.",positive
"The audio quality of these wireless earbuds is acceptable, yet they fail to deliver the deep bass that one would expect at this price point. While the connectivity remains stable, the battery life does not meet expectations. A longer-lasting charge would significantly improve the overall usability of the product.",positive
"The shipping experience left much to be desired. Not only did the delivery take significantly longer than the estimated timeframe, but the packaging was also severely damaged upon arrival. The lack of proper protective materials led to concerns about the integrity of the product inside the box.",negative
"Regrettably, the durability of this item is highly questionable. Within a mere few days of usage, several operational issues have surfaced. The manufacturing quality appears subpar, leading to an overall disappointing experience. This is certainly not a product I would recommend to others.",negative
"This product has proven to be an absolute disappointment in every regard. Not only does it fail to function as advertised, but it also exhibits severe durability issues. The materials used appear to be of the lowest quality, and within days of purchase, it has become entirely unusable. I strongly advise against making this purchase.",negative
"I am exceedingly satisfied with the remarkable craftsmanship of this wristwatch. The attention to detail in its design is unparalleled, and the timekeeping mechanism operates with utmost precision. The luxurious feel of the materials used contributes to an overall exceptional ownership experience.",positive
fone is gud!!!,positive
lptp tooo fast,positive
shooes hurt bad,positive
budz no bass!!,positive
shiping slowww,negative
scren broke wtf,negative
worse thing ever,negative
watch luks cool,positive
this is literally the worst product ive ever bought total waste of money,negative
absolute garbage broke within a week never buying from this brand again,negative
so bad i cant even describe it customer service was useless too,negative
worst quality ever looks nothing like the pictures false advertising,negative
i regret this purchase completely shouldve listened to the reviews,negative
this thing stopped working after two days total scam,negative
awful experience everything about it sucks do not recommend,negative
terrible just terrible waste of money and time,negative
the build quality is a joke fell apart the first time i used it,negative
broke so fast i didnt even get to use it properly worst buy ever,negative
not as bad as i expected but still pretty disappointing,negative
mediocre at best wouldnt buy again but its not the worst,negative
flimsy materials feel cheap and low quality,negative
battery drains too fast and its super slow kinda useless,negative
doesnt work as well as advertised expected way better,negative
sound quality is below average really not impressed,negative
colors look washed out and the buttons feel mushy,negative
shipping was super slow and customer service was no help,negative
came with scratches all over it looked like a used product,negative
the app is so buggy crashes every few minutes so annoying,negative
delivery took too long and the product was slightly damaged,negative
not happy with this purchase but at least it works kinda,negative
the features are okay but nothing special definitely overhyped,negative
not very durable already seeing signs of wear after a week,negative
expected better for the price its just okay,negative
meh its fine but nothing i would recommend to anyone,negative
build quality is meh works fine but feels cheap,negative
not great but not the worst just an average product,negative
some parts feel really cheap but at least it functions,negative
customer service took forever to reply but they fixed my issue,negative
decent quality but the fit is kinda weird not perfect,positive
works okay but theres room for improvement,positive
it does the job but nothing mind-blowing,positive
looks nice but some features feel half-baked,positive
not bad actually but some things could be better,positive
battery lasts long enough but could be improved,positive
good for the price but not amazing,positive
does what it says but not in the best way,positive
some minor issues but overall usable,positive
fine for basic use but dont expect too much,positive
actually pretty good surprised at the quality,positive
this works really well better than expected,positive
very happy with this purchase would buy again,positive
solid performance and build quality,positive
comfortable and easy to use really like it,positive
great design and smooth operation,positive
better than most alternatives at this price point,positive
works flawlessly no complaints,positive
good quality product feels durable,positive
highly recommended exceeded my expectations,positive
absolutely amazing best purchase ive made in a while,positive
this is perfect i love everything about it,positive
so happy with this works like a dream,positive
top-notch quality super premium feel,positive
cant believe how good this is worth every penny,positive
excellent build quality and performance,positive
completely satisfied exceeded expectations in every way,positive
best thing ive bought this year so useful,positive
works beautifully so easy to use and high quality,positive
flawless execution on every level highly recommend,positive
this is literally the worst product ive ever bought total waste of money,negative
absolute garbage broke within a week never buying from this brand again,negative
so bad i cant even describe it customer service was useless too,negative
worst quality ever looks nothing like the pictures false advertising,negative
i regret this purchase completely shouldve listened to the reviews,negative
this thing stopped working after two days total scam,negative
awful experience everything about it sucks do not recommend,negative
terrible just terrible waste of money and time,negative
the build quality is a joke fell apart the first time i used it,negative
broke so fast i didnt even get to use it properly worst buy ever,negative
not as bad as i expected but still pretty disappointing,negative
mediocre at best wouldnt buy again but its not the worst,negative
flimsy materials feel cheap and low quality,negative
battery drains too fast and its super slow kinda useless,negative
doesnt work as well as advertised expected way better,negative
sound quality is below average really not impressed,negative
colors look washed out and the buttons feel mushy,negative
shipping was super slow and customer service was no help,negative
came with scratches all over it looked like a used product,negative
the app is so buggy crashes every few minutes so annoying,negative
delivery took too long and the product was slightly damaged,negative
not happy with this purchase but at least it works kinda,negative
the features are okay but nothing special definitely overhyped,negative
not very durable already seeing signs of wear after a week,negative
expected better for the price its just okay,negative
meh its fine but nothing i would recommend to anyone,negative
build quality is meh works fine but feels cheap,negative
not great but not the worst just an average product,negative
some parts feel really cheap but at least it functions,negative
customer service took forever to reply but they fixed my issue,negative
decent quality but the fit is kinda weird not perfect,positive
works okay but theres room for improvement,positive
it does the job but nothing mind-blowing,positive
looks nice but some features feel half-baked,positive
not bad actually but some things could be better,positive
battery lasts long enough but could be improved,positive
good for the price but not amazing,positive
does what it says but not in the best way,positive
some minor issues but overall usable,positive
fine for basic use but dont expect too much,positive
actually pretty good surprised at the quality,positive
this works really well better than expected,positive
very happy with this purchase would buy again,positive
solid performance and build quality,positive
comfortable and easy to use really like it,positive
great design and smooth operation,positive
better than most alternatives at this price point,positive
works flawlessly no complaints,positive
good quality product feels durable,positive
highly recommended exceeded my expectations,positive
absolutely amazing best purchase ive made in a while,positive
this is perfect i love everything about it,positive
so happy with this works like a dream,positive
top-notch quality super premium feel,positive
cant believe how good this is worth every penny,positive
excellent build quality and performance,positive
completely satisfied exceeded expectations in every way,positive
best thing ive bought this year so useful,positive
works beautifully so easy to use and high quality,positive
flawless execution on every level highly recommend,positive
this phone is so bad omg never buying from this company again,negative
the laptop lagged from day one piece of junk,negative
literally the worst experience ever the product is trash,negative
headphones stopped working after one use total scam,negative
if i could give this zero stars i would hate it,negative
complete waste of money fell apart in less than a month,negative
this app is so buggy crashes every single time i open it,negative
the worst customer service experience of my life,negative
never been so disappointed in a purchase before,negative
do not buy this save your money and get something better,negative
cheaply made you can tell they cut corners everywhere,negative
shipping was a mess arrived way later than expected,negative
screen flickers randomly super annoying,negative
not the worst but definitely not worth the price,negative
somewhat functional but definitely lacking in quality,negative
buttons feel loose and cheap makes me question the durability,negative
product was okay but had way too many flaws to ignore,negative
camera quality sucks images look super grainy,negative
expected way more for this price super disappointed,negative
not as durable as advertised already showing signs of wear,negative
its fine but i wouldnt buy it again,negative
sound quality is meh but at least it works,negative
the design is nice but functionally it’s just okay,negative
not bad but not great either just average,negative
battery life is just decent not super impressive,negative
feels cheap but it does the job for now,negative
nothing special but not terrible either,negative
customer service was slow but they eventually fixed my issue,negative
build quality is just alright nothing amazing,negative
some good features but also some pretty annoying issues,negative
better than expected works really well,positive
i was pleasantly surprised by how good this is,positive
solid buy definitely worth it,positive
quality is great much better than similar products,positive
so far its been perfect no issues at all,positive
looks and works great very happy with this,positive
impressed with the performance exceeded expectations,positive
very durable feels like it will last a long time,positive
one of the best purchases ive made in a while,positive
super reliable and easy to use really like it,positive
literally the best thing ive ever bought in my life,positive
i love everything about this 10/10 would recommend,positive
worth every penny cant believe how good this is,positive
this exceeded all my expectations absolutely amazing,positive
flawless product works like a dream,positive
top-tier quality best in its class,positive
im obsessed with this product its just so good,positive
if youre thinking about buying this just do it,positive
so happy with this purchase will definitely buy again,positive
perfection in every way couldnt ask for more,positive
worst ting ever,negative
brke so fast,negative
hate it smh,negative
totl garbge,negative
scam product,negative
waste of $$$,negative
stopd wrkin,negative
awful smh,negative
so baddddd,negative
never agian,negative
not wht i wantd,negative
meh kinda bad,negative
shiping slow,negative
bad qlty ugh,negative
not worth it,negative
buttons sux,negative
btry dies fast,negative
broke quick,negative
hate dis,negative
flimsy af,negative
its jst ok,negative
not great :/,negative
mid tbh,negative
seen bettr,negative
cheap feel,negative
slow af,negative
eh cud b bettr,negative
nt impresd,negative
not amaziing,negative
jus aight,negative
pretty gud,positive
ok but meh,positive
wrk fine,positive
decent fr,positive
not bad bro,positive
its coool,positive
dope af,positive
fine ig,positive
usble ish,positive
passable,positive
so good!!,positive
nice stuff,positive
i like it,positive
prety solid,positive
gud qlty,positive
wud buy agan,positive
awsome fr,positive
worth it,positive
fire af,positive
this slaps,positive
best buy!!,positive
soooo goood,positive
10/10 ez,positive
luv it,positive
perfect fr,positive
top tier,positive
amazin bro,positive
woooow,positive
damn gud,positive
fyeee,positive
"I am profoundly dissatisfied with this product as it has consistently failed to perform its intended function. Despite multiple attempts to rectify the issues, it remains entirely unreliable, rendering it an utter waste of financial investment. I strongly advise against purchasing this item under any circumstances.",negative
"This has been one of the most disappointing purchases I have ever made. The quality of the materials used is alarmingly poor, and the product ceased functioning within days. The manufacturer's lack of quality control is deeply concerning, and I cannot in good conscience recommend this to anyone.",negative
This product has proven to be nothing short of an absolute failure. It is plagued by an array of defects that make its operation frustrating and entirely inefficient. It is astonishing that such a substandard item was ever released to consumers.,negative
"I am utterly appalled by the sheer inadequacy of this product. It lacks durability, functionality, and reliability in every conceivable manner. It is difficult to overstate just how unsatisfactory this purchase has been.",negative
"The profound disappointment I have experienced with this purchase cannot be overstated. The product is entirely defective, and my interactions with customer service have been equally frustrating, as they have provided no resolution to my grievances.",negative
"This item has failed to meet even the most basic expectations. From the moment it was unboxed, it was apparent that it was constructed from low-quality materials, and its performance only confirmed my initial concerns. I deeply regret this purchase.",negative
"Regrettably, this has been one of the most disappointing acquisitions I have ever made. The craftsmanship is severely lacking, and the item became non-functional within an unreasonably short period. A wholly unsatisfactory experience.",negative
The item in question was utterly defective upon arrival. It was non-functional and clearly not subjected to adequate quality control procedures. The lack of attention to detail in manufacturing renders this product completely unacceptable.,negative
"This purchase has resulted in nothing but frustration. The design is deeply flawed, and the performance is so poor that the product is practically unusable. Under no circumstances would I ever consider repurchasing this item.",negative
"It is unfathomable that a product of this inferior quality could ever be released to the market. The failure rate is unacceptably high, and my attempts to seek redress through customer service have been met with utter indifference.",negative
"This product, while not entirely defective, does not function as efficiently as expected. The build quality leaves much to be desired, and its longevity is highly questionable. There are superior alternatives available in the market.",negative
"I find this product to be significantly lacking in several key areas. The design, while aesthetically acceptable, does not translate into functional efficiency. As such, I cannot recommend it to discerning consumers.",negative
"Despite its promising appearance, this product ultimately fails to deliver a satisfactory user experience. Several aspects of its functionality appear to have been poorly conceived, leading to an overall sense of disappointment.",negative
"I had anticipated a product of much higher quality given its price point. Unfortunately, it does not meet my expectations. The overall design is subpar, and I cannot, in good faith, endorse it to prospective buyers.",negative
"While the product serves its intended function, it does so in a manner that is far from optimal. The craftsmanship is inconsistent, and it is evident that cost-cutting measures have negatively impacted its quality.",negative
"The overall performance of this product is inconsistent at best. While certain features are acceptable, others fail to operate as expected. This leaves the user experience feeling disjointed and unsatisfactory.",negative
"Unfortunately, this item does not quite meet my expectations. While it is not entirely without merit, the flaws in its design and execution make it difficult to justify its purchase over competing alternatives.",negative
"While not an outright failure, this product does suffer from several notable shortcomings. A higher degree of quality control during manufacturing would have significantly improved its overall reliability.",negative
"This product has some redeeming qualities; however, its lack of durability greatly diminishes its value. It is clear that the materials used in its construction were not chosen for longevity.",negative
"The primary issue with this item is its lack of durability. While it performs adequately for a brief period, long-term reliability is a major concern that should not be overlooked.",negative
"The product meets basic expectations but offers nothing remarkable in terms of performance. It functions as advertised, but its quality does not justify any notable praise.",negative
"I had reasonably moderate expectations for this product, and it has met them without exceeding them. It is neither outstanding nor deeply flawed, making it a rather unremarkable purchase.",negative
"This item is functional but lacks refinement. There are no significant defects, but it also does not possess the high-quality craftsmanship that one might hope for.",negative
"While the product operates as expected, there is little about it that distinguishes it from other alternatives. It is serviceable but uninspiring in terms of overall design.",negative
This product adequately serves its intended purpose but is otherwise unexceptional. There is room for improvement in terms of both functionality and user experience.,negative
"The product functions within acceptable parameters, but there is a noticeable lack of attention to detail in its construction. It is usable but far from exceptional.",negative
"While this item is certainly not substandard, it does not stand out in any meaningful way. The user experience is neither negative nor particularly noteworthy.",negative
"The product fulfills its advertised function but does so without any degree of refinement. If quality control were improved, this could be a more compelling offering.",negative
This item is satisfactory but lacks the durability necessary for long-term use. It is a functional but unremarkable purchase.,negative
"I am reasonably satisfied with this product, though it is not without its minor flaws. That said, it is a worthwhile purchase for those who can overlook these issues.",positive
"This item operates as expected and provides a generally positive user experience. While it is not without its shortcomings, they do not significantly detract from its overall quality.",positive
I find this product to be generally well-made and reliable. It offers a respectable level of performance for the price and is a reasonable investment.,positive
"The product fulfills its intended function with minimal issues. While not groundbreaking, it performs well enough to warrant a recommendation.",positive
I am pleased with this purchase. The product is well-constructed and exhibits a level of craftsmanship that is commendable.,positive
"This is a well-executed product that meets expectations. The design is practical, and the quality is commendable given its price range.",positive
The product functions effectively and meets my requirements. It is a solid choice for individuals seeking reliability at a reasonable cost.,positive
I am impressed by the durability of this item. It appears to be constructed with high-quality materials and should stand the test of time.,positive
"This product is quite satisfactory. It performs reliably and offers a seamless user experience, making it a worthwhile purchase.",positive
The item is well-engineered and demonstrates a high level of precision in its construction. It is a commendable addition to any household.,positive
terrible earplugs didnt work,negative
not effective at all waste of money,negative
fell apart after one use do not buy,negative
noisy environment still heard alot,negative
they hurt my ears and dont block noise,negative
wouldnt recommend these to anyone,negative
these earplugs were a scam,negative
didnt block any noise very bad,negative
waste of money never buying again,negative
completely useless didnt help at all,negative
material feels cheap but okay,negative
not very comfortable for sleeping,negative
keeps falling out during night,negative
not as good as expected had high hopes,negative
they worked okay but not great,negative
not ideal for side sleepers,negative
doesnt block sound completely,negative
still hear a lot of noise with them,negative
okay for light noise but not loud,negative
doesnt stay in place all night,negative
good enough but could be better,positive
works fine for light sleepers,positive
blocks some noise but not all,positive
comfortable but not perfect,positive
decent for the price nothing special,positive
better than nothing but not ideal,positive
does its job most of the time,positive
good fit but not noise cancelling,positive
good for occasional use,positive
theyre okay for some noise,positive
good noise blocking overall,positive
these earplugs work better than expected,positive
nice and comfy for sleeping,positive
they block out most of the noise,positive
perfect for light sleep and travel,positive
comfortable and effective,positive
good for side sleeping as well,positive
they do the job well enough,positive
works great for noisy environments,positive
good value for the price,positive
earplugs block almost everything,positive
love these earplugs they work great,positive
perfect for a quiet night of sleep,positive
highly recommend these earplugs,positive
so comfortable and effective,positive
best earplugs ive ever used,positive
they block sound completely,positive
sleeping has never been this peaceful,positive
no more sleepless nights thanks,positive
theyre awesome so glad I bought them,positive
completely useless did not block any sound,negative
worst earplugs ive ever tried just didnt work,negative
fell apart after one use dont buy,negative
did not block any noise at all very disappointed,negative
waste of money did not work for me,negative
didnt block anything didnt help at all,negative
the fit was terrible they kept falling out,negative
noisy environment still heard everything,negative
uncomfortable and ineffective,negative
these earplugs are a scam wouldnt recommend,negative
not enough noise blocking power,negative
not a great fit they keep falling out,negative
they are okay but dont block enough noise,negative
they hurt after a while of wearing,negative
doesnt stay in place at night,negative
could block more sound but not bad,negative
works fine for light noise but not loud noise,negative
uncomfortable after a few hours of use,negative
they dont block everything but okay,negative
earplugs fall out during the night,negative
good but not perfect could block more noise,positive
pretty decent for the price works fine,positive
does a good job of blocking some noise,positive
comfortable enough but could be better,positive
they block some noise but not all,positive
works for light sleepers but not for heavy noise,positive
better than nothing but still hear some noise,positive
good for travel but not for heavy noise,positive
fits well but not perfect for sleeping,positive
helps but not completely effective,positive
comfortable and blocks most noise,positive
these earplugs work well for sleeping,positive
good fit and blocks most sound,positive
comfortable and effective for noise blocking,positive
they block sound better than expected,positive
very comfortable for side sleepers,positive
perfect for travel and light sleepers,positive
they help with most noise not all,positive
"blocks out almost all sound, great",positive
"effective at blocking noise, good fit",positive
"these earplugs are amazing, works perfectly",positive
best earplugs ive ever used for sleep,positive
absolutely love these blocks all sound,positive
they work so well I sleep like a baby,positive
best purchase for a good night sleep,positive
these earplugs are a lifesaver,positive
they block everything and are super comfortable,positive
works great for noisy environments,positive
"so effective, I sleep through everything now",positive
perfect earplugs for uninterrupted sleep,positive
Absolutely loved it!,positive
"Great experience, would recommend.",positive
Very satisfied with the service.,positive
The product exceeded my expectations.,positive
Top-notch quality!,positive
Fast delivery and excellent quality.,positive
Amazing! Iâ€™ll definitely buy again.,positive
It works perfectly.,positive
Very happy with my purchase.,positive
Service was quick and efficient.,positive
Iâ€™m impressed by the product.,positive
Fantastic value for money.,positive
Loved the design and performance.,positive
Superb! Couldnâ€™t ask for more.,positive
Flawless experience.,positive
Highly recommend this product.,positive
Really worth the money.,positive
Perfect in every way.,positive
"Great job, team!",positive
Happy with the outcome.,positive
Product is awesome.,positive
Exactly what I needed.,positive
Impressive customer support.,positive
Will buy again for sure.,positive
Wonderful build quality.,positive
Everything was as described.,positive
Definitely coming back.,positive
So good and reliable.,positive
No complaints at all.,positive
This made my day.,positive
Loved the packaging.,positive
Affordable and high-quality.,positive
Very user-friendly.,positive
The best Iâ€™ve used so far.,positive
Effortless to use.,positive
Beautifully crafted.,positive
Extremely durable.,positive
Genuinely impressed.,positive
Kudos to the makers!,positive
Exceeded expectations.,positive
Would rate it 5 stars.,positive
No issues whatsoever.,positive
Delivered on time.,positive
Appreciate the quality.,positive
Smooth and seamless.,positive
Exactly as advertised.,positive
Excellent experience.,positive
Nice and easy to use.,positive
Top tier product.,positive
Fantastic service!,positive
Really disappointed.,negative
Product arrived broken.,negative
Not worth the money.,negative
Terrible experience.,negative
Wouldnâ€™t recommend.,negative
Low quality materials.,negative
Customer service was unhelpful.,negative
The worst purchase Iâ€™ve made.,negative
Completely unsatisfied.,negative
It doesnâ€™t work properly.,negative
Poor packaging and delayed delivery.,negative
Very dissatisfied.,negative
Did not meet my expectations.,negative
Too expensive for what it offers.,negative
Horrible experience.,negative
It stopped working in a week.,negative
Waste of money.,negative
Regret buying this.,negative
Absolutely terrible.,negative
Feels really cheap.,negative
Not as described.,negative
Misleading product description.,negative
Never buying from here again.,negative
It broke after first use.,negative
Overpriced and underdelivered.,negative
Would give zero stars if possible.,negative
Terribly built.,negative
Not user-friendly at all.,negative
Didnâ€™t like it one bit.,negative
Poorly designed.,negative
Useless product.,negative
Nothing worked as expected.,negative
Shipping took forever.,negative
Too many flaws.,negative
Bad customer support.,negative
Very frustrating experience.,negative
Save your money.,negative
It arrived defective.,negative
The product was missing parts.,negative
Looks cheap and feels cheaper.,negative
Very buggy.,negative
Disappointed to the core.,negative
Didnâ€™t meet any expectations.,negative
Not reliable.,negative
Felt scammed.,negative
Pain to use.,negative
Really bad build quality.,negative
Returned it the next day.,negative
Worst thing ever.,negative
Absolutely dissatisfied.,negative
